{"root":[{"assemblyName":"Sirenix.Serialization","nameSpace":"Sirenix.Serialization","className":"UnitySerializationInitializer","methodName":"InitializeRuntime","loadTypes":1,"isUnityClass":false},{"assemblyName":"Sirenix.Serialization","nameSpace":"Sirenix.Serialization.Utilities","className":"UnityVersion","methodName":"EnsureLoaded","loadTypes":1,"isUnityClass":false},{"assemblyName":"Sirenix.Utilities","nameSpace":"Sirenix.Utilities","className":"UnityVersion","methodName":"EnsureLoaded","loadTypes":1,"isUnityClass":false},{"assemblyName":"andywiecko.BurstTriangulator","nameSpace":"","className":"__JobReflectionRegistrationOutput__7274761993000005315","methodName":"EarlyInit","loadTypes":2,"isUnityClass":false},{"assemblyName":"Assembly-CSharp-firstpass","nameSpace":"ES3Internal","className":"ES3ReferenceMgrBase","methodName":"Init","loadTypes":4,"isUnityClass":false},{"assemblyName":"AstarPathfindingProject","nameSpace":"","className":"__JobReflectionRegistrationOutput__10569589673291187727","methodName":"EarlyInit","loadTypes":2,"isUnityClass":false},{"assemblyName":"AstarPathfindingProject","nameSpace":"","className":"$BurstDirectCallInitializer","methodName":"Initialize","loadTypes":2,"isUnityClass":false},{"assemblyName":"Drawing","nameSpace":"","className":"__JobReflectionRegistrationOutput__17700261659878220535","methodName":"EarlyInit","loadTypes":2,"isUnityClass":false},{"assemblyName":"Drawing","nameSpace":"","className":"$BurstDirectCallInitializer","methodName":"Initialize","loadTypes":2,"isUnityClass":false},{"assemblyName":"Unity.2D.Animation.Runtime","nameSpace":"","className":"__JobReflectionRegistrationOutput__12640072059193112690","methodName":"EarlyInit","loadTypes":2,"isUnityClass":true},{"assemblyName":"Unity.2D.Animation.Runtime","nameSpace":"","className":"$BurstDirectCallInitializer","methodName":"Initialize","loadTypes":2,"isUnityClass":true},{"assemblyName":"Unity.2D.SpriteShape.Runtime","nameSpace":"","className":"$BurstDirectCallInitializer","methodName":"Initialize","loadTypes":2,"isUnityClass":true},{"assemblyName":"Unity.Collections","nameSpace":"","className":"__JobReflectionRegistrationOutput__1652832624114795843","methodName":"EarlyInit","loadTypes":2,"isUnityClass":true},{"assemblyName":"Unity.Collections","nameSpace":"","className":"$BurstDirectCallInitializer","methodName":"Initialize","loadTypes":2,"isUnityClass":true},{"assemblyName":"Unity.Rendering.LightTransport.Runtime","nameSpace":"","className":"__JobReflectionRegistrationOutput__16164947281921951637","methodName":"EarlyInit","loadTypes":2,"isUnityClass":true},{"assemblyName":"Unity.RenderPipelines.Core.Runtime","nameSpace":"UnityEngine.Experimental.Rendering","className":"XRSystem","methodName":"XRSystemInit","loadTypes":3,"isUnityClass":true},{"assemblyName":"Unity.RenderPipelines.Core.Runtime","nameSpace":"UnityEngine.Rendering","className":"DebugUpdater","methodName":"RuntimeInit","loadTypes":0,"isUnityClass":true},{"assemblyName":"Unity.RenderPipelines.GPUDriven.Runtime","nameSpace":"","className":"__JobReflectionRegistrationOutput__15867191014387474753","methodName":"EarlyInit","loadTypes":2,"isUnityClass":true},{"assemblyName":"Unity.VisualScripting.Core","nameSpace":"Unity.VisualScripting","className":"RuntimeVSUsageUtility","methodName":"RuntimeInitializeOnLoadBeforeSceneLoad","loadTypes":1,"isUnityClass":true}]}
